domain_age_risk,certificate_age_risk,dnssec_enabled,http_reachable,redirect_count,has_valid_tls,password_field_count,otp_field_count,credit_card_field_count,cross_domain_form_actions,insecure_form_actions,get_login_forms,hidden_iframe_count,meta_refresh_present,popup_count,download_count,permission_request_count,javascript_error_count,obfuscated_script_count,reputation_detection_count,safe_browsing_flagged,label
0.1283560036359577,0.27179504771722524,0,1,2,1,0,0,0,0,0,0,0,0,0,0,0,0,0,0,0,0
0.1443815506461617,0.13401014241214212,1,1,2,1,0,0,0,0,0,0,0,0,0,0,0,1,0,0,0,0
0.03697954432227146,0.27295237518322485,0,1,0,1,1,0,0,0,0,0,0,0,0,0,0,1,0,0,0,0
0.14779513109741396,0.22523046665749488,1,1,2,1,0,0,0,0,0,0,0,0,0,0,0,1,0,0,0,0
0.005291899347569795,0.16960997248056744,0,1,0,1,0,0,0,0,0,0,0,0,0,0,0,0,0,0,0,0
0.044786928639389656,0.16896703527059995,1,1,1,1,0,0,0,0,0,0,0,0,0,0,0,0,0,0,0,0
0.1721852496420568,0.26286444107534346,1,1,0,1,0,0,0,0,0,0,0,0,0,0,0,1,0,0,0,0
0.02051426389615771,0.14163724932008603,1,1,1,1,0,0,0,0,0,0,1,0,0,0,0,1,0,0,0,0
0.18914969067311918,0.08912659258728792,1,1,0,1,0,0,0,0,0,0,0,0,0,0,0,1,0,0,0,0
0.0364318065923995,0.2100166287369625,0,1,1,1,0,0,0,0,0,0,0,0,0,0,0,0,0,0,0,0
0.1766362314289225,0.11453010017727618,0,1,0,1,0,0,0,0,0,0,0,0,0,0,0,1,0,0,0,0
0.24505368629812632,0.2601248651205967,1,1,0,1,0,0,0,0,0,0,0,0,0,0,0,1,0,0,0,0
0.24155928124103335,0.11019096624382643,1,1,2,1,0,0,0,0,0,0,0,0,0,0,0,1,0,0,0,0
0.0031752503231177176,0.26184973784231375,0,1,0,1,0,0,0,0,0,0,0,0,0,0,0,1,0,0,0,0
0.13273817214785216,0.29273640638914605,1,1,2,1,0,0,0,0,0,0,0,0,0,0,0,0,0,0,0,0
0.21270933741759565,0.22633951793569212,1,1,2,1,0,0,0,0,0,0,0,0,0,0,0,1,0,0,0,0
0.23216242883341395,0.10407627400371015,1,1,2,1,1,0,0,0,0,0,0,0,0,0,0,1,0,0,0,0
0.2360189883657038,0.11153166801947141,1,1,0,1,0,0,0,0,0,0,0,0,0,0,0,0,0,0,0,0
0.2211302132114759,0.12377709022587453,0,1,1,1,1,0,0,0,0,0,1,0,0,0,0,1,0,0,0,0
0.0966157079091497,0.08204515008241621,0,1,2,1,0,0,0,0,0,0,0,0,0,0,0,0,0,0,0,0
0.1231050850391377,0.12078719419883394,1,1,0,1,0,0,0,0,0,0,0,0,0,0,0,1,0,0,0,0
0.10850881115497568,0.13272551356624615,1,1,2,1,0,0,0,0,0,0,0,0,0,0,0,0,0,0,0,0
0.027214451741551654,0.26313418473287703,1,1,1,1,0,0,0,0,0,0,0,0,0,0,0,1,0,0,0,0
0.20374295367785164,0.020360581354148675,1,1,0,1,0,0,0,0,0,0,0,0,0,0,0,0,0,0,0,0
0.09798702853646943,0.05506492215612212,1,1,2,1,0,0,0,0,0,0,0,0,0,0,0,1,0,0,0,0
0.16988488561450982,0.24717427513599294,0,1,0,1,0,0,0,0,0,0,0,0,0,0,0,0,0,0,0,0
0.04807221200223416,0.009693203100153047,0,1,1,1,0,0,0,0,0,0,0,0,0,0,0,1,0,0,0,0
0.03123317890181121,0.2844738100531173,1,1,2,1,1,0,0,0,0,0,0,0,0,0,0,1,0,0,0,0
0.1744754625705604,0.07795463763538962,0,1,0,1,0,0,0,0,0,0,0,0,0,0,1,1,0,0,0,0
0.04392745418812258,0.21388242679403144,1,1,1,1,0,0,0,0,0,0,0,0,0,0,0,0,0,0,0,0
0.004693747356828731,0.24442293306143448,1,1,0,1,0,0,0,0,0,0,0,0,0,0,0,0,0,0,0,0
0.13112691153890324,0.19675964140385815,1,1,0,1,0,0,0,0,0,0,0,0,0,0,0,0,0,0,0,0
0.03136346367439663,0.028480988584423148,1,1,2,1,0,0,0,0,0,0,0,0,0,0,1,0,0,0,0,0
0.008552826002132974,0.15756204131667956,1,1,0,1,1,0,0,0,0,0,1,0,0,0,0,1,0,0,0,0
0.21094821084527243,0.08685523482994324,0,1,2,1,0,0,0,0,0,0,0,0,0,0,0,0,0,0,0,0
0.18881379691323447,0.20627682478030848,1,1,0,1,0,0,0,0,0,0,0,0,0,0,0,0,0,0,0,0
0.1092347168395928,0.013723994008910289,0,1,1,1,1,0,0,0,0,0,0,0,0,0,0,0,0,0,0,0
0.08713187095365768,0.04016528260162557,0,1,2,1,0,0,0,0,0,0,0,0,0,0,0,1,0,0,0,0
0.1097385130145471,0.1393659780088277,0,1,0,1,0,0,0,0,0,0,0,0,0,0,1,0,0,0,0,0
0.23209516723221854,0.006688070763296771,0,1,1,1,0,0,0,0,0,0,0,0,0,0,0,0,0,0,0,0
0.10165390303384989,0.2888045230063334,1,1,0,1,0,0,0,0,0,0,0,0,0,0,0,1,0,0,0,0
0.17246680159611313,0.04465771143839585,1,1,0,1,0,0,0,0,0,0,0,0,0,0,0,0,0,0,0,0
0.024438699682312826,0.13892981464536322,0,1,2,1,0,0,0,0,0,0,0,0,0,0,0,0,0,0,0,0
0.1886926887564044,0.13315479779631242,1,1,1,1,1,0,0,0,0,0,0,0,0,0,0,1,0,0,0,0
0.054671089230546116,0.2539517096720288,1,1,2,1,0,0,0,0,0,0,0,0,0,0,0,0,0,0,0,0
0.1844822897889402,0.13677539101294525,0,1,0,1,1,0,0,0,0,0,0,0,0,0,0,1,0,0,0,0
0.19073038316468077,0.14993604597718607,1,1,0,1,0,0,0,0,0,0,1,0,0,0,0,0,0,0,0,0
0.04779841602278767,0.25342579144500343,1,1,0,1,0,0,0,0,0,0,0,0,0,0,0,0,0,0,0,0
0.160693389446669,0.1341873401154164,0,1,0,1,0,0,0,0,0,0,0,0,0,0,0,0,0,0,0,0
0.023075851445464285,0.0004205684460340975,1,1,0,1,0,0,0,0,0,0,0,0,0,0,0,1,0,0,0,0
0.22040894729110927,0.16211916652343958,1,1,1,1,1,0,0,0,0,0,0,0,0,0,0,0,0,0,0,0
0.23284912435164576,0.004294613690584137,0,1,0,1,0,0,0,0,0,0,0,0,0,0,0,0,0,0,0,0
0.20116999100461974,0.02277075686284009,1,1,2,1,0,0,0,0,0,0,1,0,0,0,0,1,0,0,0,0
0.10439145382786269,0.14308271824131302,1,1,0,0,0,0,0,0,0,0,0,0,0,0,0,0,0,0,0,0
0.24628241574129983,0.14365979329654346,1,1,0,1,0,0,0,0,0,0,0,0,0,0,0,0,0,0,0,0
0.19107096418562944,0.1101019600852937,1,1,2,1,0,0,0,0,0,0,0,0,0,0,0,0,0,0,0,0
0.0011991870096129953,0.10691569100387883,0,1,2,1,1,0,0,0,0,0,0,0,0,0,0,0,0,0,0,0
0.12828175117991122,0.17917945019628292,0,1,2,1,0,0,0,0,0,0,1,0,0,0,0,0,0,0,0,0
0.23033159840653977,0.2790659920504648,0,1,0,1,0,0,0,0,0,0,0,0,0,0,0,1,0,0,0,0
0.04152145579180594,0.1619064921653008,1,1,1,1,1,0,0,0,0,0,0,0,0,0,0,0,0,0,0,0
0.08999935938782508,0.2665002928277449,0,1,2,1,0,0,0,0,0,0,0,0,0,0,0,1,0,0,0,0
0.17832168626769904,0.2324062267387223,0,1,2,1,0,0,0,0,0,0,0,0,0,0,0,1,0,0,0,0
0.15364365510921285,0.08362267824561656,1,1,1,1,0,0,0,0,0,0,0,0,0,0,0,1,0,0,0,0
0.09153169511461443,0.0036141769270281896,1,1,0,0,0,0,0,0,0,0,0,0,0,0,0,1,0,0,0,0
0.03671217003817798,0.20811821883598633,0,1,1,1,1,0,0,0,0,0,0,0,0,0,0,1,0,0,0,0
0.059679031332474375,0.09776201185696627,1,1,0,1,0,0,0,0,0,0,0,0,0,0,0,0,0,0,0,0
0.06522542984133967,0.07164593889371441,1,1,1,1,0,0,0,0,0,0,0,0,0,0,0,0,0,0,0,0
0.021952123998526446,0.2615390530933002,0,1,1,1,0,0,0,0,0,0,0,0,0,0,0,0,0,0,0,0
0.1498339987801299,0.052092621494142156,1,1,2,1,0,0,0,0,0,0,0,0,0,0,0,0,0,0,0,0
0.16142322002769996,0.21973772044076406,1,1,1,1,1,0,0,0,0,0,0,0,0,0,0,1,0,0,0,0
0.07991887329025538,0.0051509755202140736,0,1,0,1,0,0,0,0,0,0,0,0,0,0,0,1,0,0,0,0
0.07853158057221044,0.12662070684674656,0,1,2,1,0,0,0,0,0,0,0,0,0,0,0,1,0,0,0,0
0.14677302313374618,0.13420785113270084,0,1,0,1,1,0,0,0,0,0,0,0,0,0,0,1,0,0,0,0
0.10072480945655068,0.019191211405852913,0,1,1,1,1,0,0,0,0,0,0,0,0,0,0,1,0,0,0,0
0.14592928860237264,0.009503272494711968,1,1,1,1,0,0,0,0,0,0,0,0,0,0,0,1,0,0,0,0
0.05157898871935346,0.26238725302649657,1,1,2,1,0,0,0,0,0,0,0,0,0,0,0,1,0,0,0,0
0.07350817407901764,0.2509619775158393,0,1,0,1,0,0,0,0,0,0,0,0,0,0,0,1,0,0,0,0
0.04631912729818485,0.01099890059287405,1,1,1,1,0,0,0,0,0,0,1,0,0,0,0,0,0,0,0,0
0.12649597197535056,0.11937120649276084,1,1,0,1,0,0,0,0,0,0,0,0,0,0,0,1,0,0,0,0
0.1188422048487017,0.25549737558679636,0,1,1,0,0,0,0,0,0,0,0,0,0,0,0,1,0,0,0,0
0.07011437253164637,0.18939391550194837,1,1,0,1,1,0,0,0,0,0,0,0,0,0,1,0,0,0,0,0
0.10130202353086007,0.23759917865130414,1,1,1,1,1,0,0,0,0,0,0,0,0,0,0,0,0,0,0,0
0.1915532928300344,0.21181728583133264,1,1,0,1,0,0,0,0,0,0,0,0,0,0,1,1,0,0,0,0
0.07888516362773954,0.04082523958154257,1,1,1,1,0,0,0,0,0,0,0,0,0,0,0,1,0,0,0,0
0.07946154851235182,0.0006834000563091247,0,1,0,1,0,0,0,0,0,0,0,0,0,0,0,0,0,0,0,0
0.06586005178584164,0.08342805965366273,1,1,2,1,0,0,0,0,0,0,1,0,0,0,0,0,0,0,0,0
0.1335786403865173,0.20386108662662294,0,1,0,1,0,0,0,0,0,0,1,0,0,0,0,0,0,0,0,0
0.16779851440295765,0.1328784208072936,0,1,0,1,0,0,0,0,0,0,0,0,0,0,0,0,0,0,0,0
0.16204297044045987,0.15539359782195933,0,1,1,1,0,0,0,0,0,0,1,0,0,0,0,1,0,0,0,0
0.1616219325681321,0.13285365137731336,0,1,2,1,0,0,0,0,0,0,1,0,0,0,0,1,0,0,0,0
0.05447311022597079,0.11820680546475254,0,1,2,1,1,0,0,0,0,0,0,0,0,0,0,0,0,0,0,0
0.20650097684913102,0.22833419341928585,1,1,0,1,1,0,0,0,0,0,1,0,0,0,0,1,0,0,0,0
0.2431838981707404,0.023580249973095258,1,1,2,1,0,0,0,0,0,0,0,0,0,0,0,0,0,0,0,0
0.1225144651768865,0.2290667786905076,1,1,2,1,0,0,0,0,0,0,0,0,0,0,1,1,0,0,0,0
0.24192074865154647,0.027843518104724106,0,1,0,1,0,0,0,0,0,0,0,0,0,0,0,0,0,0,0,0
0.15050326146862691,0.08855253525214896,1,1,0,1,0,0,0,0,0,0,0,0,0,0,0,0,0,0,0,0
0.01879506962230565,0.05770890514860243,0,1,2,1,0,0,0,0,0,0,0,0,0,0,0,1,0,0,0,0
0.06328175756698984,0.07044322336889963,0,1,1,1,0,0,0,0,0,0,0,0,0,0,0,1,0,0,0,0
0.11049330736459007,0.10840216645154721,0,1,0,1,0,0,0,0,0,0,0,0,0,0,0,0,0,0,0,0
0.12252159421284525,0.059600249070413454,1,1,0,1,0,0,0,0,0,0,0,0,0,0,0,1,0,0,0,0
0.19953961284573715,0.2596216083008866,0,1,0,1,0,0,0,0,0,0,0,0,0,0,0,1,0,0,0,0
0.1915699731490464,0.18272677463312886,0,1,1,1,0,0,0,0,0,0,0,0,0,0,0,1,0,0,0,0
0.10344929600873837,0.0641342712776385,1,1,1,1,0,0,0,0,0,0,0,0,0,0,1,0,0,0,0,0
0.07585270653383347,0.15965348373327884,1,1,0,1,1,0,0,0,0,0,0,0,0,0,0,0,0,0,0,0
0.10670184104695984,0.17817312380794473,1,1,1,1,1,0,0,0,0,0,0,0,0,0,0,0,0,0,0,0
0.1252752849545771,0.21376581056784696,0,1,1,1,0,0,0,0,0,0,0,0,0,0,0,0,0,0,0,0
0.030097160748323887,0.2739487757331836,1,1,1,1,0,0,0,0,0,0,0,0,0,0,0,0,0,0,0,0
0.1167144270758505,0.2719296497606141,0,1,2,1,0,0,0,0,0,0,0,0,0,0,0,0,0,0,0,0
0.1974026918348048,0.24413653689136736,0,1,0,1,0,0,0,0,0,0,0,0,0,0,0,1,0,0,0,0
0.23901021397653355,0.08511814405723994,1,1,0,1,0,0,0,0,0,0,0,0,0,0,0,0,0,0,0,0
0.06665897833198045,0.10595782174356179,0,1,2,1,1,0,0,0,0,0,0,0,0,0,0,0,0,0,0,0
0.0011876599889000805,0.28685681194856144,1,1,1,1,1,0,0,0,0,0,0,0,0,0,0,0,0,0,0,0
0.23699088161368356,0.1831008373519185,1,1,0,0,0,0,0,0,0,0,0,0,0,0,1,0,0,0,0,0
0.22879875858593526,0.22944188804358265,1,1,1,1,1,0,0,0,0,0,0,0,0,0,0,1,0,0,0,0
0.04135979794520375,0.1482978024332858,0,1,1,1,1,0,0,0,0,0,0,0,0,0,0,1,0,0,0,0
0.09501339114017576,0.1318261356755897,0,1,1,1,0,0,0,0,0,0,0,0,0,0,0,0,0,0,0,0
0.20805249938793588,0.008593007732312929,1,1,1,1,1,0,0,0,0,0,0,0,0,0,0,1,0,0,0,0
0.17831346893740466,0.2847586273274875,0,1,0,1,0,0,0,0,0,0,1,0,0,0,0,0,0,0,0,0
0.2466258109305876,0.29194295989107116,1,1,2,1,0,0,0,0,0,0,0,0,0,0,0,1,0,0,0,0
0.14082227050916576,0.0010183466407781227,1,1,2,1,0,0,0,0,0,0,0,0,0,0,0,0,0,0,0,0
0.10808068826807227,0.10176038889500691,0,1,1,1,1,0,0,0,0,0,0,0,0,0,0,1,0,0,0,0
0.11625459943395805,0.07864795255284411,0,1,0,1,1,0,0,0,0,0,0,0,0,0,0,0,0,0,0,0
0.22875574228492937,0.2287915681321894,1,1,2,1,0,0,0,0,0,0,0,0,0,0,0,1,0,0,0,0
0.09918391106136035,0.030706197716661363,0,1,0,1,0,0,0,0,0,0,0,0,0,0,0,0,0,0,0,0
0.09830278536127834,0.06263840245395774,0,1,0,1,0,0,0,0,0,0,1,0,0,0,0,1,0,0,0,0
0.19106547116029257,0.2554604917576999,0,1,1,1,0,0,0,0,0,0,0,0,0,0,0,0,0,0,0,0
0.21635889588357932,0.28508390689769014,0,1,1,1,1,0,0,0,0,0,0,0,0,0,0,1,0,0,0,0
0.025522358837483383,0.001400021644220728,1,1,2,1,0,0,0,0,0,0,1,0,0,0,0,0,0,0,0,0
0.10988033271965092,0.10142737316680256,0,1,1,1,0,0,0,0,0,0,0,0,0,0,1,1,0,0,0,0
0.020236745494943642,0.15804995405666766,1,1,1,1,0,0,0,0,0,0,0,0,0,0,0,0,0,0,0,0
0.0961693431653885,0.11925845662230264,1,1,0,1,0,0,0,0,0,0,0,0,0,0,0,0,0,0,0,0
0.21754938706998891,0.04107095652611675,0,1,2,1,1,0,0,0,0,0,0,0,0,0,0,1,0,0,0,0
0.18712843843810348,0.20905357630311333,1,1,0,1,0,0,0,0,0,0,0,0,0,0,0,1,0,0,0,0
0.03567984223747339,0.17988153055959547,1,1,0,1,0,0,0,0,0,0,0,0,0,0,0,1,0,0,0,0
0.16612827225017507,0.07778501986914994,1,1,0,1,1,0,0,0,0,0,0,0,0,0,0,1,0,0,0,0
0.11671389315951033,0.11339588933583224,1,1,1,1,0,0,0,0,0,0,0,0,0,0,1,0,0,0,0,0
0.09271144185362165,0.15153090818186743,1,1,2,1,0,0,0,0,0,0,0,0,0,0,0,1,0,0,0,0
0.11247579835092636,0.29791518421391183,1,1,2,1,0,0,0,0,0,0,0,0,0,0,0,1,0,0,0,0
0.14615120122780825,0.2111441709188753,1,1,2,1,0,0,0,0,0,0,0,0,0,0,0,1,0,0,0,0
0.16768494182038235,0.043859588734475596,0,1,0,1,0,0,0,0,0,0,0,0,0,0,0,1,0,0,0,0
0.21467377389924536,0.17681821295022287,1,1,0,1,0,0,0,0,0,0,0,0,0,0,0,0,0,0,0,0
0.18985968809503595,0.16156547294412263,0,1,2,1,0,0,0,0,0,0,0,0,0,0,0,0,0,0,0,0
0.018881572907084698,0.2904862892593115,0,1,1,1,0,0,0,0,0,0,0,0,0,0,0,1,0,0,0,0
0.06167369787077112,0.22542386228602018,1,1,1,1,0,0,0,0,0,0,0,0,0,0,0,1,0,0,0,0
0.10120078810242822,0.11812762814818319,1,1,2,1,0,0,0,0,0,0,1,0,0,0,0,1,0,0,0,0
0.09928315478918473,0.07591948513789377,0,1,1,1,1,0,0,0,0,0,0,0,0,0,0,0,0,0,0,0
0.002625843398242206,0.016536151172274315,0,1,1,1,0,0,0,0,0,0,0,0,0,0,0,1,0,0,0,0
0.10542351314197296,0.28540612456430353,0,1,0,1,0,0,0,0,0,0,0,0,0,0,0,0,0,0,0,0
0.24565461085501875,0.12661284429966113,1,1,1,1,0,0,0,0,0,0,0,0,0,0,0,1,0,0,0,0
0.016573726041464454,0.18445221871726442,0,1,2,1,0,0,0,0,0,0,0,0,0,0,0,1,0,0,0,0
0.1642483566639378,0.0893777737771211,1,1,2,1,0,0,0,0,0,0,0,0,0,0,0,1,0,0,0,0
0.09386347452032132,0.27668619277248363,1,1,0,1,0,0,0,0,0,0,0,0,0,0,0,0,0,0,0,0
0.22688666569935986,0.04995453755421809,1,1,0,1,1,0,0,0,0,0,1,0,0,0,1,1,0,0,0,0
0.13897050934041016,0.24901111347854893,1,1,1,1,0,0,0,0,0,0,0,0,0,0,0,1,0,0,0,0
0.04299660333855629,0.13125730789888893,1,1,2,1,0,0,0,0,0,0,0,0,0,0,0,1,0,0,0,0
0.0316688279318236,0.2400547083300513,0,1,1,1,0,0,0,0,0,0,0,0,0,0,1,0,0,0,0,0
0.23280959303946822,0.11025388147938109,0,1,0,1,0,0,0,0,0,0,0,0,0,0,0,1,0,0,0,0
0.056785339049841344,0.2891815439146608,1,1,2,1,0,0,0,0,0,0,0,0,0,0,0,0,0,0,0,0
0.10077973056299488,0.05975649364752501,1,1,2,1,0,0,0,0,0,0,0,0,0,0,0,1,0,0,0,0
0.24560546978769407,0.2514579893535585,1,1,1,1,0,0,0,0,0,0,1,0,0,0,0,0,0,0,0,0
0.11444282761091323,0.12335016563917997,1,1,2,1,0,0,0,0,0,0,0,0,0,0,0,1,0,0,0,0
0.039483611586691364,0.17517161160951902,0,1,2,1,0,0,0,0,0,0,0,0,0,0,0,0,0,0,0,0
0.029186390260442063,0.09593777649307647,0,1,1,1,0,0,0,0,0,0,1,0,0,0,0,1,0,0,0,0
0.11907368748378916,0.004048513603413806,0,1,2,1,0,0,0,0,0,0,0,0,0,0,1,1,0,0,0,0
0.01766366774670619,0.10398816581293514,0,1,2,1,0,0,0,0,0,0,0,0,0,0,0,1,0,0,0,0
0.10454699438632034,0.23558560773926293,1,1,0,0,0,0,0,0,0,0,1,0,0,0,0,1,0,0,0,0
0.007368226870764799,0.11453179380413447,0,1,2,1,0,0,0,0,0,0,1,0,0,0,0,0,0,0,0,0
0.20773213550732672,0.0661367843087852,0,1,0,1,0,0,0,0,0,0,0,0,0,0,0,0,0,0,0,0
0.030213986009527738,0.21109039961918333,1,1,0,1,0,0,0,0,0,0,0,0,0,0,0,0,0,0,0,0
0.033977383268535416,0.05977891369126684,1,1,1,1,0,0,0,0,0,0,0,0,0,0,0,1,0,0,0,0
0.03966680525719188,0.09588355507077247,1,1,0,1,0,0,0,0,0,0,0,0,0,0,0,1,0,0,0,0
0.10009903763242295,0.07757745506104807,1,1,0,1,0,0,0,0,0,0,0,0,0,0,0,1,0,0,0,0
0.14528325362392075,0.035050969760604955,1,1,1,1,0,0,0,0,0,0,0,0,0,0,0,0,0,0,0,0
0.15506749854410212,0.27365557475509167,1,1,2,1,0,0,0,0,0,0,0,0,0,0,0,1,0,0,0,0
0.06683029311250571,0.06959927037028248,1,1,2,1,0,0,0,0,0,0,0,0,0,0,0,0,0,0,0,0
0.10376178399499189,0.23758629280688917,1,1,1,1,1,0,0,0,0,0,0,0,0,0,0,0,0,0,0,0
0.08203298535924683,0.2638557552326459,1,1,0,1,0,0,0,0,0,0,0,0,0,0,0,0,0,0,0,0
0.08940896230940926,0.22498435518190038,0,1,2,1,0,0,0,0,0,0,0,0,0,0,0,1,0,0,0,0
0.1740274720265044,0.28474285209784606,1,1,2,1,0,0,0,0,0,0,0,0,0,0,0,0,0,0,0,0
0.17184923101421243,0.1500551753289099,0,1,0,1,1,0,0,0,0,0,0,0,0,0,0,1,0,0,0,0
0.02107077511147079,0.12246326356515812,1,1,1,1,1,0,0,0,0,0,0,0,0,0,0,0,0,0,0,0
0.16306564099291004,0.21387023762926938,1,1,0,1,0,0,0,0,0,0,0,0,0,0,1,0,0,0,0,0
0.07236202352234894,0.08645306593258748,1,1,2,1,0,0,0,0,0,0,0,0,0,0,0,1,0,0,0,0
0.20173562579437818,0.22536695665893566,1,1,0,1,0,0,0,0,0,0,0,0,0,0,0,0,0,0,0,0
0.09568467924961774,0.2028820552520386,1,1,1,1,0,0,0,0,0,0,0,0,0,0,0,0,0,0,0,0
0.08893095353428584,0.05281281107012668,1,1,2,1,1,0,0,0,0,0,0,0,0,0,0,0,0,0,0,0
0.05633927722890672,0.021234806590221998,1,1,1,1,0,0,0,0,0,0,0,0,0,0,0,1,0,0,0,0
0.1261659194762874,0.2601172761468396,1,1,2,0,0,0,0,0,0,0,0,0,0,0,0,1,0,0,0,0
0.007305268041556456,0.17679069082806112,1,1,1,1,0,0,0,0,0,0,0,0,0,0,1,1,0,0,0,0
0.2191698315660033,0.012390045739396205,1,1,2,1,0,0,0,0,0,0,0,0,0,0,0,0,0,0,0,0
0.1804297492181445,0.23934302463340779,0,1,0,1,1,0,0,0,0,0,0,0,0,0,0,1,0,0,0,0
0.19694572587058243,0.26240895989974466,1,1,0,1,0,0,0,0,0,0,0,0,0,0,1,1,0,0,0,0
0.21356669777149903,0.1307482500295719,0,1,0,1,0,0,0,0,0,0,0,0,0,0,0,1,0,0,0,0
0.14429816122025843,0.2734663472419824,0,1,1,1,0,0,0,0,0,0,0,0,0,0,0,0,0,0,0,0
0.17122270294940034,0.2808617109147456,1,1,1,1,0,0,0,0,0,0,0,0,0,0,0,1,0,0,0,0
0.24777937178005052,0.1682138995333068,1,1,0,1,0,0,0,0,0,0,0,0,0,0,0,0,0,0,0,0
0.1574271536062598,0.2527023375816607,1,1,1,1,0,0,0,0,0,0,0,0,0,0,0,0,0,0,0,0
0.010252396752718634,0.1126181110722974,1,1,0,1,1,0,0,0,0,0,1,0,0,0,0,1,0,0,0,0
0.1512918747822685,0.23219449157413286,1,1,1,1,0,0,0,0,0,0,0,0,0,0,0,1,0,0,0,0
0.11273244431927312,0.29288654165131267,1,1,1,1,1,0,0,0,0,0,0,0,0,0,0,1,0,0,0,0
0.1742760479552199,0.07224159259432515,1,1,2,1,0,0,0,0,0,0,0,0,0,0,0,1,0,0,0,0
0.12108045698924855,0.01969868293880642,1,1,1,1,0,0,0,0,0,0,0,0,0,0,0,0,0,0,0,0
0.04864748936401486,0.20217992362194956,1,1,0,1,0,0,0,0,0,0,0,0,0,0,0,1,0,0,0,0
0.09921609520118577,0.24360506915086427,0,1,2,1,0,0,0,0,0,0,0,0,0,0,0,0,0,0,0,0
0.07337034482153904,0.279907628064033,1,1,2,1,0,0,0,0,0,0,0,0,0,0,0,1,0,0,0,0
0.08988512673197677,0.029517438908028347,1,1,2,1,0,0,0,0,0,0,0,0,0,0,0,0,0,0,0,0
0.060571001480940856,0.1492155530442997,1,1,0,1,0,0,0,0,0,0,0,0,0,0,0,1,0,0,0,0
0.13383234636582017,0.14577366120742635,1,1,2,1,0,0,0,0,0,0,0,0,0,0,0,0,0,0,0,0
0.07549011835289579,0.05428761880262194,1,1,1,1,0,0,0,0,0,0,1,0,0,0,1,1,0,0,0,0
0.14323037913607947,0.28520510557198675,1,1,1,1,0,0,0,0,0,0,0,0,0,0,0,1,0,0,0,0
0.057353488303116706,0.13532589357742414,1,1,1,1,0,0,0,0,0,0,0,0,0,0,0,1,0,0,0,0
0.03278131836543169,0.23948211964540309,1,1,1,1,1,0,0,0,0,0,0,0,0,0,0,1,0,0,0,0
0.16651309814944598,0.030469482418612526,0,1,2,1,1,0,0,0,0,0,0,0,0,0,0,1,0,0,0,0
0.029974022402906392,0.2658909914875472,1,1,2,1,0,0,0,0,0,0,0,0,0,0,0,1,0,0,0,0
0.06053824049998627,0.17353651090954872,1,1,1,1,0,0,0,0,0,0,0,0,0,0,0,0,0,0,0,0
0.15084801919740046,0.12179067725576924,1,1,1,1,0,0,0,0,0,0,0,0,0,0,0,0,0,0,0,0
0.012640649680313892,0.27531658316396806,1,1,0,1,1,0,0,0,0,0,0,0,0,0,0,1,0,0,0,0
0.10830324870258415,0.19279544375649998,0,1,2,1,0,0,0,0,0,0,0,0,0,0,0,0,0,0,0,0
0.007695504178935331,0.029200288329128354,1,1,2,0,0,0,0,0,0,0,1,0,0,0,0,1,0,0,0,0
0.11684090647526996,0.29866315781241437,1,1,0,1,0,0,0,0,0,0,0,0,0,0,0,1,0,0,0,0
0.14885502236739973,0.28963607223123344,0,1,2,1,0,0,0,0,0,0,0,0,0,0,0,0,0,0,0,0
0.17083981586409297,0.25721221617079426,0,1,2,1,1,0,0,0,0,0,0,0,0,0,0,0,0,0,0,0
0.1601253640075115,0.20150052255806533,1,1,2,1,0,0,0,0,0,0,0,0,0,0,0,1,0,0,0,0
0.011337309461333406,0.10408107117278313,0,1,0,1,0,0,0,0,0,0,0,0,0,0,0,0,0,0,0,0
0.028405339044711958,0.1686548164111691,1,1,0,1,1,0,0,0,0,0,0,0,0,0,0,1,0,0,0,0
0.08110077772387012,0.16978308094158281,0,1,2,1,0,0,0,0,0,0,0,0,0,0,0,0,0,0,0,0
0.12728911115180097,0.2762756548842513,1,1,2,1,1,0,0,0,0,0,0,0,0,0,0,1,0,0,0,0
0.03877414935589821,0.22555980680214952,0,1,0,1,0,0,0,0,0,0,0,0,0,0,0,1,0,0,0,0
0.04544299812108235,0.2113904262428127,0,1,2,1,1,0,0,0,0,0,0,0,0,0,1,1,0,0,0,0
0.031009880877356122,0.13023210849292596,0,1,1,1,0,0,0,0,0,0,0,0,0,0,0,0,0,0,0,0
0.22695667133982228,0.2277528393327317,1,1,2,1,0,0,0,0,0,0,0,0,0,0,0,1,0,0,0,0
0.04198939830344753,0.13142216570817725,1,1,0,1,0,0,0,0,0,0,0,0,0,0,1,0,0,0,0,0
0.04858698749052545,0.07837866990535264,0,1,2,1,0,0,0,0,0,0,0,0,0,0,0,1,0,0,0,0
0.08342245387009267,0.08846342879186501,1,1,1,1,1,0,0,0,0,0,0,0,0,0,0,1,0,0,0,0
0.016184424124858127,0.1955227084516036,0,1,2,1,0,0,0,0,0,0,0,0,0,0,0,1,0,0,0,0
0.06145259813435852,0.0979464623377773,1,1,1,1,0,0,0,0,0,0,0,0,0,0,0,1,0,0,0,0
0.1550127431793073,0.0633010931499218,0,1,1,0,0,0,0,0,0,0,0,0,0,0,0,1,0,0,0,0
0.0672919748395728,0.16032518641913443,1,1,2,1,0,0,0,0,0,0,0,0,0,0,0,0,0,0,0,0
0.12397721034985226,0.21397759881310327,1,1,1,1,0,0,0,0,0,0,0,0,0,0,0,0,0,0,0,0
0.05543804082538864,0.018914460154068457,1,1,0,1,0,0,0,0,0,0,0,0,0,0,1,1,0,0,0,0
0.19055693805750523,0.21035514838408068,0,1,0,1,0,0,0,0,0,0,0,0,0,0,0,1,0,0,0,0
0.12544444580415154,0.07921482315737056,1,1,0,1,0,0,0,0,0,0,0,0,0,0,0,1,0,0,0,0
0.08333921299982272,0.06919986672022228,1,1,2,1,1,0,0,0,0,0,0,0,0,0,0,0,0,0,0,0
0.007615520276980342,0.27508215852528684,1,1,2,1,1,0,0,0,0,0,0,0,0,0,0,1,0,0,0,0
0.1838695466162546,0.14466370308111587,0,1,1,1,0,0,0,0,0,0,0,0,0,0,0,0,0,0,0,0
0.03138926548203019,0.2817365483749018,1,1,2,1,0,0,0,0,0,0,0,0,0,0,0,1,0,0,0,0
0.0468401351553184,0.02602082474306904,1,1,0,1,0,0,0,0,0,0,0,0,0,0,0,1,0,0,0,0
0.00469046903988013,0.1111319873713528,0,1,1,1,0,0,0,0,0,0,0,0,0,0,0,1,0,0,0,0
0.14271695987581337,0.05496143700735102,1,1,2,0,1,0,0,0,0,0,0,0,0,0,0,1,0,0,0,0
0.2031858143970401,0.039524143609281866,0,1,2,1,0,0,0,0,0,0,0,0,0,0,1,1,0,0,0,0
0.011378861820674463,0.13191261698669385,1,1,0,1,0,0,0,0,0,0,0,0,0,0,0,0,0,0,0,0
0.0022142271348519482,0.04032754938862466,1,1,2,1,0,0,0,0,0,0,0,0,0,0,1,0,0,0,0,0
0.2308011631675974,0.21876370417260302,1,1,0,1,1,0,0,0,0,0,0,0,0,0,1,0,0,0,0,0
0.00339349344296494,0.08087540309447717,0,1,2,1,0,0,0,0,0,0,0,0,0,0,0,0,0,0,0,0
0.07280886807018594,0.06658079896860547,0,1,2,1,0,0,0,0,0,0,0,0,0,0,0,0,0,0,0,0
0.21602637279511802,0.045857585319261714,1,1,1,1,0,0,0,0,0,0,1,0,0,0,0,1,0,0,0,0
0.145811823657596,0.23334780563386817,1,1,0,1,0,0,0,0,0,0,0,0,0,0,0,0,0,0,0,0
0.2125781720538732,0.23290641223042116,1,1,1,1,0,0,0,0,0,0,0,0,0,0,0,0,0,0,0,0
0.06238007134243123,0.07385418808826551,0,1,1,1,0,0,0,0,0,0,0,0,0,0,0,0,0,0,0,0
0.16612088812949144,0.1600534487261949,0,1,2,1,0,0,0,0,0,0,0,0,0,0,0,0,0,0,0,0
0.0867667714176486,0.08373068785197148,1,1,2,1,0,0,0,0,0,0,0,0,0,0,0,0,0,0,0,0
0.1532380537260959,0.06672397556124918,1,1,0,1,0,0,0,0,0,0,0,0,0,0,0,1,0,0,0,0
0.14480159986937285,0.23347385644826832,1,1,0,1,0,0,0,0,0,0,0,0,0,0,0,0,0,0,0,0
0.1554687545436947,0.2789922870562254,1,1,0,1,1,0,0,0,0,0,0,0,0,0,0,0,0,0,0,0
0.1434353922523035,0.04794596993947595,0,1,1,1,0,0,0,0,0,0,0,0,0,0,0,1,0,0,0,0
0.24204448623150798,0.010255272777769409,0,1,2,1,0,0,0,0,0,0,0,0,0,0,0,0,0,0,0,0
0.21867753786056326,0.04088823399253363,1,1,0,1,0,0,0,0,0,0,0,0,0,0,1,0,0,0,0,0
0.1309294483286334,0.09305358381254521,1,1,1,1,0,0,0,0,0,0,0,0,0,0,0,0,0,0,0,0
0.05983792980014924,0.11736011188414991,0,1,1,1,1,0,0,0,0,0,0,0,0,0,0,1,0,0,0,0
0.14410463063787982,0.06967051888893097,1,1,1,1,1,0,0,0,0,0,0,0,0,0,0,0,0,0,0,0
0.22709487119903818,0.21498756540356578,1,1,2,1,0,0,0,0,0,0,0,0,0,0,0,1,0,0,0,0
0.23242210137054442,0.05040914467126787,1,1,2,1,0,0,0,0,0,0,0,0,0,0,0,1,0,0,0,0
0.21520204355935751,0.06607251759100731,1,1,2,1,0,0,0,0,0,0,0,0,0,0,0,0,0,0,0,0
0.00513889184772684,0.24294147828623247,1,1,0,1,0,0,0,0,0,0,0,0,0,0,0,0,0,0,0,0
0.15611077263286022,0.12682128018825395,1,1,0,1,0,0,0,0,0,0,0,0,0,0,0,0,0,0,0,0
0.016899568699405287,0.216232411981159,0,1,1,1,0,0,0,0,0,0,0,0,0,0,0,0,0,0,0,0
0.23483697075553794,0.2907173642119036,0,1,1,1,1,0,0,0,0,0,0,0,0,0,0,1,0,0,0,0
0.14093814468648502,0.14649203410619657,0,1,2,1,0,0,0,0,0,0,0,0,0,0,1,1,0,0,0,0
0.15780523687218462,0.29828831171430975,0,1,1,1,0,0,0,0,0,0,0,0,0,0,1,0,0,0,0,0
0.06258310044330107,0.27539154421694695,1,1,0,1,0,0,0,0,0,0,0,0,0,0,0,1,0,0,0,0
0.1615773940077562,0.22900865776866253,1,1,0,1,1,0,0,0,0,0,0,0,0,0,0,0,0,0,0,0
0.23240548742611966,0.23595053311622785,1,1,2,1,0,0,0,0,0,0,0,0,0,0,0,1,0,0,0,0
0.08227898072814205,0.06463308741851785,1,1,0,1,0,0,0,0,0,0,0,0,0,0,0,1,0,0,0,0
0.1198302024101004,0.28525010680939955,0,1,2,1,0,0,0,0,0,0,0,0,0,0,0,0,0,0,0,0
0.05182073683795893,0.1392342859185692,1,1,1,1,0,0,0,0,0,0,0,0,0,0,0,1,0,0,0,0
0.024450144159488235,0.25298807908692805,1,1,1,0,0,0,0,0,0,0,0,0,0,0,0,1,0,0,0,0
0.09114937294966238,0.05892293237672158,1,1,0,1,0,0,0,0,0,0,0,0,0,0,0,0,0,0,0,0
0.07614093175017209,0.28060215107490943,1,1,1,1,1,0,0,0,0,0,1,0,0,0,0,1,0,0,0,0
0.08328055626229991,0.2670183817990711,0,1,1,1,0,0,0,0,0,0,1,0,0,0,0,1,0,0,0,0
0.17136202935435674,0.2960092039655908,1,1,1,1,0,0,0,0,0,0,0,0,0,0,0,0,0,0,0,0
0.19311306785443177,0.2627306731853606,1,1,1,1,0,0,0,0,0,0,0,0,0,0,0,1,0,0,0,0
0.00033356489417407653,0.27831898688775064,0,1,1,1,0,0,0,0,0,0,0,0,0,0,0,1,0,0,0,0
0.1294335299011298,0.28930380809519646,0,1,1,1,0,0,0,0,0,0,0,0,0,0,0,1,0,0,0,0
0.23050263197462112,0.2706848416945746,1,1,2,1,0,0,0,0,0,0,0,0,0,0,0,1,0,0,0,0
0.24969935644416577,0.17819862357806573,1,1,2,1,0,0,0,0,0,0,0,0,0,0,0,1,0,0,0,0
0.1615339827160885,0.2219089173559191,0,1,1,1,1,0,0,0,0,0,0,0,0,0,0,1,0,0,0,0
0.18676237904387824,0.0730795105594664,0,1,2,1,1,0,0,0,0,0,0,0,0,0,0,0,0,0,0,0
0.23228430922080254,0.25496674531334773,0,1,0,1,0,0,0,0,0,0,0,0,0,0,0,1,0,0,0,0
0.1419055280759666,0.23774918154279723,1,1,0,1,0,0,0,0,0,0,0,0,0,0,0,0,0,0,0,0
0.01123817624099474,0.016989087595080343,1,1,2,1,0,0,0,0,0,0,0,0,0,0,0,0,0,0,0,0
0.45724586839999143,0.9757913731642881,0,1,4,1,2,0,0,1,1,0,2,1,0,1,1,2,1,3,1,1
0.9571025386660197,0.6331646166117555,0,1,3,1,0,0,1,1,1,0,0,0,1,0,1,3,1,3,1,1
0.5599229256043295,0.6846830052485441,0,1,5,1,0,0,1,1,1,1,3,1,2,0,1,3,1,5,1,1
0.9521149745831463,0.8350059081389886,0,1,5,1,1,1,0,1,1,1,2,1,2,0,0,3,3,6,1,1
0.9540566060801796,0.8247586344452875,0,1,6,1,0,0,1,0,0,0,0,1,2,0,0,1,3,1,1,1
0.9504945873883779,0.546427333791873,0,1,4,0,2,1,0,1,1,0,3,0,1,0,0,0,0,5,1,1
0.8929648943601785,0.6409828553601624,0,1,6,1,0,0,0,0,0,0,1,0,0,0,1,0,3,2,0,1
0.8281611158277636,0.8493404979549626,0,1,6,1,2,0,0,1,1,1,0,0,1,0,0,0,2,5,1,1
0.4847221874965705,0.8782151647390732,0,1,6,1,0,1,0,1,1,1,3,1,2,1,1,0,0,2,1,1
0.8339904496090558,0.6519918897626116,0,1,3,1,1,0,0,1,1,0,2,0,1,0,0,2,2,1,1,1
0.7483024552232174,0.3991553061437868,0,1,6,1,0,0,1,0,0,1,1,1,2,0,0,2,3,3,0,1
0.7152035682937509,0.8009035658103777,0,1,6,1,2,0,0,1,1,1,2,1,1,0,0,2,1,5,1,1
0.6219685264728942,0.4023990396620478,0,1,4,1,2,0,1,1,1,1,0,1,0,0,1,1,0,8,0,1
0.6164006018752438,0.7818183534386834,0,1,1,1,0,1,0,1,1,1,0,1,0,0,0,1,1,6,0,1
0.9611477989299329,0.6114171625661704,0,1,3,0,2,0,1,1,1,0,2,1,0,0,0,0,3,0,1,1
0.47170192913637554,0.7419970510507243,0,1,6,1,0,1,0,0,0,1,2,1,0,0,1,0,3,7,0,1
0.736787824352011,0.7108952153393306,0,1,6,0,1,0,0,0,0,0,2,0,1,0,1,3,3,1,1,1
0.8381315406498406,0.7020779316595561,0,1,2,0,1,0,0,0,1,1,2,0,1,0,1,1,0,4,0,1
0.9676884497649001,0.9561119054398077,0,1,5,1,0,0,0,1,1,0,1,0,0,0,1,1,0,7,0,1
0.8954916529316213,0.7480713052000741,0,1,1,1,1,0,0,1,1,0,3,1,2,1,1,3,3,5,0,1
0.9460231948481467,0.551518863854101,0,1,1,1,2,1,1,1,0,0,1,1,1,1,1,3,0,8,0,1
0.5395998474837689,0.6902223955241603,0,1,3,1,2,0,1,1,0,0,1,1,0,0,1,3,0,2,0,1
0.9428257920516536,0.5750336575316607,0,1,5,1,2,0,1,0,0,1,2,0,1,0,0,1,2,6,0,1
0.4750193159836801,0.2905989375902829,0,1,3,0,1,1,0,1,0,0,2,0,2,1,1,0,1,6,0,1
0.7149697827288654,0.5697942158348654,0,1,4,1,1,0,0,1,1,1,1,1,1,0,0,1,3,1,1,1
0.9326191642872972,0.751244912079683,0,1,4,1,1,1,0,0,1,1,2,0,0,0,1,3,1,4,0,1
0.47848969696246846,0.49881531213479735,0,1,6,1,0,0,0,1,1,0,1,0,2,0,0,0,2,4,1,1
0.6821499661320309,0.693867112711075,0,1,3,1,0,1,0,1,0,0,3,1,1,0,0,3,1,2,1,1
0.785314053207099,0.8568537808415405,0,1,2,1,2,0,0,1,1,0,2,1,0,1,1,3,1,1,1,1
0.5346882991540172,0.5487462801680322,0,1,2,1,1,0,0,0,1,1,0,1,0,0,1,2,2,7,0,1
0.8659791790978955,0.4505798097789576,0,1,2,1,2,0,1,0,1,1,0,1,1,0,0,3,2,6,1,1
0.8199758384874163,0.30016081389723903,0,1,2,1,0,1,0,1,0,0,1,0,1,1,1,3,0,2,1,1
0.4786728792202011,0.4408440408254343,0,1,3,1,2,1,0,0,0,1,1,1,1,0,1,3,2,3,0,1
0.6144836317442781,0.9638960699723602,0,1,1,1,1,1,0,1,0,0,0,1,0,0,0,2,1,1,1,1
0.8387766748251786,0.7739361109608754,0,1,1,1,1,1,1,0,1,0,1,0,0,0,0,2,0,5,1,1
0.9402258586774268,0.7852673556214511,0,1,5,1,0,0,0,1,1,0,0,0,0,0,0,1,0,6,1,1
0.46348928304341036,0.2800814683887836,0,1,1,1,0,0,0,1,0,0,1,1,2,1,0,1,0,6,0,1
0.6710945700698601,0.5949452155122286,0,1,3,1,2,1,1,0,0,1,2,1,2,1,1,2,2,7,1,1
0.5824605572749587,0.4206565342798206,0,1,2,1,0,0,0,0,1,0,1,0,2,0,1,3,2,8,1,1
0.9651797096124464,0.7407719337549461,0,1,5,1,2,0,0,1,1,0,2,0,1,0,1,0,2,1,0,1
0.6497265939236027,0.8885462835439711,0,1,4,1,1,0,0,1,0,0,0,1,2,0,1,0,2,1,1,1
0.47448503350470994,0.36111200050627357,0,1,3,1,0,1,1,1,0,0,1,1,0,1,0,3,1,3,0,1
0.8580093197579683,0.9203420379927323,0,1,6,1,2,0,0,1,0,0,0,1,2,0,0,3,2,5,1,1
0.5722748480078135,0.2684458065213332,0,1,5,1,1,0,0,1,1,0,1,0,2,0,0,2,2,1,1,1
0.6025305284540148,0.9778533645434242,0,1,6,0,2,0,1,0,0,1,2,1,1,1,1,0,0,7,1,1
0.7516004279790445,0.6404615792607866,0,1,6,1,0,1,0,1,0,1,0,1,2,0,1,2,2,1,1,1
0.9177529554769459,0.39615279033080486,0,1,2,0,0,0,1,1,1,0,3,1,0,0,1,2,2,6,0,1
0.7111474938036875,0.8572213049611972,0,1,5,1,2,0,1,0,1,0,2,1,2,1,1,2,3,7,0,1
0.7415668578561578,0.41873277520611607,0,1,1,1,2,1,0,1,0,0,1,0,2,0,1,2,3,0,1,1
0.8473454315950137,0.7594765324346364,0,1,5,1,2,0,1,1,1,1,3,1,0,0,0,3,2,2,0,1
0.47024274425197937,0.3153100958730818,0,1,5,1,0,0,1,1,1,1,1,1,1,0,1,1,1,8,1,1
0.8976343901782087,0.7335172698322947,0,1,6,1,0,0,0,0,1,0,1,0,2,0,0,3,2,6,0,1
0.4610904803115945,0.58211954277853,0,1,4,1,2,1,1,0,0,0,1,0,2,0,1,0,2,4,0,1
0.8725901341114226,0.6914814635296735,0,1,1,0,2,1,1,1,0,0,2,1,2,0,1,1,2,4,0,1
0.5917727148574247,0.6631045752525278,0,1,5,1,1,1,0,0,1,0,3,1,1,0,0,0,1,4,0,1
0.7076179127211131,0.6078702385047253,0,1,6,1,2,1,0,0,0,0,3,1,0,0,0,3,2,1,0,1
0.833773401699428,0.44029089951157696,0,1,4,1,2,0,0,1,1,1,2,1,0,0,0,1,3,1,1,1
0.8108980256256318,0.26299491613182113,0,1,1,1,0,1,1,1,0,1,2,1,0,0,0,3,0,2,0,1
0.7592175148990775,0.8442155448581323,0,1,6,1,1,1,0,1,0,0,2,1,0,0,0,3,0,7,1,1
0.8918793753074216,0.8808408488977197,0,1,6,0,1,0,0,1,0,0,1,1,2,0,0,3,0,7,1,1
0.5191396090144741,0.8787669667309475,0,1,4,1,2,0,0,0,1,0,2,1,2,0,0,0,3,8,0,1
0.7002754429040717,0.7049634934786948,0,1,1,0,0,0,0,1,1,0,2,0,1,0,0,2,3,6,0,1
0.8898087468292895,0.7993826084320952,0,1,6,0,2,1,1,1,0,0,3,0,2,0,0,2,3,8,0,1
0.677451550214785,0.6340048144977497,0,1,6,0,2,0,0,1,1,1,3,1,1,0,1,2,3,4,1,1
0.7592607157301641,0.4297256775629589,0,1,1,1,0,1,0,1,1,1,2,1,1,0,0,3,1,8,0,1
0.5377863420845731,0.5490653505819694,0,1,4,0,0,0,0,1,0,1,0,1,2,0,1,2,2,3,1,1
0.9587365514818231,0.41336952205614214,0,1,3,1,0,0,0,0,0,1,3,1,1,0,0,0,3,7,0,1
0.571181155666667,0.4628152714121768,0,1,2,0,2,0,0,1,1,0,0,1,1,0,0,1,1,8,1,1
0.5238131034433057,0.4211804861042167,0,1,4,1,2,0,0,1,0,0,1,1,1,0,1,0,2,4,0,1
0.7068352621525967,0.4971138224233459,0,1,2,1,0,0,0,1,0,1,2,0,2,0,1,1,3,7,0,1
0.5854235436779318,0.95112888601182,0,1,6,1,0,0,0,0,0,1,2,1,2,1,0,2,0,8,0,1
0.6233404106451265,0.264424568334596,0,1,3,1,2,1,0,1,1,1,2,1,1,0,1,1,2,5,1,1
0.5328628752496467,0.9130590633182071,0,1,3,1,2,0,0,1,1,0,1,0,2,0,1,3,3,5,1,1
0.6164021833262119,0.7599590878591125,0,1,5,1,0,1,0,1,1,0,3,0,0,0,1,2,1,5,1,1
0.4860376084544227,0.5419723623635702,0,1,1,0,1,0,0,0,0,0,1,1,1,0,1,2,2,3,1,1
0.7053798261798336,0.5399401913917977,0,1,5,1,2,0,0,1,0,0,2,0,0,0,1,1,2,1,1,1
0.909554386571671,0.6040967257245047,0,1,4,0,0,1,1,1,1,1,3,1,2,0,0,1,1,2,1,1
0.600709712655193,0.9467872397270383,0,1,3,0,0,1,0,1,1,0,3,0,1,1,0,2,2,1,1,1
0.46220114254780637,0.7968309031233012,0,1,6,1,2,1,1,1,1,0,3,1,1,0,1,3,2,1,1,1
0.790974797511206,0.7168952131323997,0,1,3,1,0,0,0,1,1,0,3,1,1,0,1,2,3,8,0,1
0.8098342146878144,0.3008436377181043,0,1,6,1,0,0,1,1,1,0,0,1,2,0,0,3,2,7,0,1
0.8798288324840804,0.38369918894758415,0,1,4,1,1,1,1,0,0,0,0,1,2,0,0,2,2,4,0,1
0.9095761805381005,0.7164827153281719,0,1,4,1,0,1,0,1,0,0,0,1,0,1,0,1,2,3,1,1
0.5119918138793891,0.5086827952440398,0,1,5,1,1,1,0,0,0,0,3,1,1,0,1,0,3,2,1,1
0.5383730554972519,0.986255608494848,0,1,4,0,0,0,0,1,0,1,0,0,2,1,1,2,0,3,0,1
0.8788990242148533,0.8870143546182192,0,1,6,1,1,0,0,1,1,1,0,0,2,0,0,2,0,2,1,1
0.7913198317099828,0.9942604147449617,0,1,3,1,1,1,0,0,1,0,2,1,1,0,0,0,2,0,0,1
0.7962057714078177,0.767041138366598,0,1,6,1,2,0,1,1,1,0,0,0,2,1,0,1,2,2,1,1
0.9191263136202563,0.48024845494077995,0,1,2,1,1,0,0,1,1,0,2,1,0,0,0,2,0,2,1,1
0.735918800718161,0.4885484179549494,0,1,5,1,1,0,0,0,0,0,2,0,1,0,0,2,3,2,0,1
0.8379849774358215,0.7763776577421616,0,1,6,1,1,1,0,0,1,1,3,1,2,0,1,0,1,6,0,1
0.558009869994351,0.5710802178808654,0,1,4,1,0,0,0,1,0,1,0,0,1,1,1,2,3,0,1,1
0.9301364270442565,0.34755654296097493,0,1,3,1,2,1,0,0,0,0,2,1,0,0,1,2,1,7,0,1
0.7715308966534921,0.6184596588224099,0,1,2,1,2,0,0,1,1,1,3,1,0,0,1,2,3,3,1,1
0.8508539146828755,0.6382154417711116,0,1,4,1,1,0,1,0,0,0,3,0,0,0,1,2,2,6,1,1
0.5600518326614631,0.7884503121758806,0,1,1,1,1,1,1,0,0,0,3,1,0,0,1,2,1,5,0,1
0.5681858853456191,0.808916567119479,0,1,6,1,2,0,0,1,0,0,2,1,1,0,0,0,2,3,1,1
0.5762544981666031,0.3085726831007163,0,1,6,1,2,0,0,1,1,1,2,0,0,0,0,2,3,2,0,1
0.8524805087729982,0.9769929902203447,0,1,6,1,2,1,0,1,0,0,0,0,1,0,1,0,0,6,1,1
0.9195453276806507,0.780465892479534,0,1,4,0,0,0,0,1,0,0,0,1,2,0,1,3,2,7,0,1
0.8246354176622788,0.9199905859781069,0,1,4,1,1,1,1,1,1,0,1,1,1,0,1,0,1,1,1,1
0.8793628653225598,0.36768148091816,0,1,5,1,0,0,1,1,1,1,2,0,0,0,0,0,3,3,1,1
0.5075272465496532,0.4978714100016611,0,1,1,1,1,0,0,0,1,0,2,0,1,0,1,2,3,5,1,1
0.9701271777189968,0.2993464004083892,0,1,2,0,2,1,1,0,1,1,0,1,1,1,1,3,0,2,1,1
0.8858573305283542,0.8711419749615591,0,1,2,0,1,1,0,0,1,0,2,0,1,0,0,1,2,3,1,1
0.5054794381492088,0.33483650346574156,0,1,3,1,2,1,0,1,0,0,0,1,0,1,0,2,1,4,0,1
0.7441012915753018,0.7686923726542872,0,1,2,1,2,0,0,1,0,1,3,0,1,0,1,1,3,2,1,1
0.7877565990544037,0.30470237463787453,0,1,1,1,0,1,0,1,0,0,2,0,1,0,1,1,2,7,1,1
0.724354623720505,0.5718896236678053,0,1,1,1,0,1,0,1,1,0,0,0,1,0,1,2,0,1,1,1
0.9827915410728743,0.9484882252186984,0,1,6,1,2,1,1,1,1,0,1,1,0,0,1,0,3,8,0,1
0.936647149245677,0.5055055570874483,0,1,5,1,2,0,0,0,0,1,1,1,1,0,0,3,2,8,0,1
0.5650737901362959,0.29134391027536277,0,1,1,1,2,1,0,1,1,1,2,0,0,0,1,3,2,8,0,1
0.5747167749822096,0.502988730965144,0,1,5,1,2,1,0,1,0,0,0,0,2,0,0,3,0,8,0,1
0.856038304102775,0.885543826223272,0,1,2,1,0,1,0,1,1,0,3,0,1,0,0,2,1,5,1,1
0.4917358671462749,0.39661309441234277,0,1,6,1,2,1,0,1,1,0,2,1,2,0,0,1,3,7,0,1
0.5337610920865818,0.7320106641859198,0,1,1,0,0,0,0,1,1,0,0,0,1,0,0,1,2,7,0,1
0.5408077970232676,0.8014549011329379,0,1,3,1,1,1,0,1,0,0,0,0,1,0,0,3,2,1,1,1
0.8874732559342084,0.3493867787541832,0,1,4,0,0,0,0,1,1,0,0,1,0,0,0,0,1,1,1,1
0.796446924779467,0.4608011484757304,0,1,2,0,1,0,0,1,1,1,0,0,2,0,1,1,3,4,1,1
0.47241474775456455,0.9244026734069812,0,1,2,1,2,1,0,0,0,0,3,0,2,0,0,1,3,2,1,1
0.5231857370384141,0.45212195970133384,0,1,5,1,2,0,1,1,0,0,2,0,2,0,0,1,3,6,1,1
0.62543073812577,0.7704250538682018,0,1,5,1,1,1,0,1,0,0,1,1,1,0,0,0,2,0,1,1
0.48373419976047916,0.8339851448386736,0,1,5,1,2,0,0,1,0,1,0,0,1,1,0,2,0,4,1,1
0.9339593313384005,0.5408957208013754,0,1,5,1,0,1,0,0,1,0,2,0,2,0,0,0,0,8,0,1
0.8105836817674703,0.33486720682203536,0,1,3,0,0,0,1,1,0,0,3,1,1,0,1,1,1,3,1,1
0.5017528360997792,0.491865368497448,0,1,5,1,2,1,1,1,0,0,0,0,2,0,0,1,2,5,1,1
0.7602990936014731,0.37433797200668106,0,1,4,1,1,1,0,0,0,1,2,1,2,0,1,3,2,4,1,1
0.559551738306666,0.8620943023023003,0,1,2,0,0,1,0,0,1,0,3,0,0,0,1,1,3,2,0,1
0.5871427425352169,0.5775440368609143,0,1,3,1,2,0,0,0,0,0,3,0,2,0,0,3,2,1,1,1
0.7524474068835784,0.8016016220388915,0,1,2,1,1,0,0,1,0,0,1,1,0,0,1,2,3,1,1,1
0.5308098503813223,0.3471103413634967,0,1,1,1,2,0,0,1,1,1,0,1,1,0,0,3,2,7,1,1
0.7773703842283668,0.8195306271802427,0,1,4,1,0,0,0,1,0,0,0,0,2,0,0,2,0,3,0,1
0.8468014697727813,0.5469911325707482,0,1,6,0,1,0,0,1,1,0,3,1,2,1,0,1,2,2,0,1
0.9951692641783618,0.3969314959511611,0,1,6,1,2,0,1,1,0,0,3,0,0,0,1,0,3,5,1,1
0.8582023922363174,0.7646887069796602,0,1,3,1,0,0,1,1,1,0,1,1,0,0,1,2,1,6,1,1
0.4831291228946752,0.763454679121421,0,1,4,0,1,0,1,0,1,1,0,0,0,0,1,1,0,6,0,1
0.8331058274375185,0.5888634215980871,0,1,2,1,1,0,0,1,1,1,2,0,0,1,1,3,2,7,1,1
0.6075785047052422,0.3263132909237456,0,1,5,1,2,0,0,1,0,0,2,0,1,0,0,3,0,7,1,1
0.6602893422773423,0.7380359980620418,0,1,6,1,1,0,0,1,1,1,2,0,0,0,0,3,0,3,0,1
0.8030122512735784,0.7063528587461041,0,1,1,1,2,0,0,0,0,0,3,0,1,0,0,2,1,0,1,1
0.5260203331309936,0.6558344665308565,0,1,6,0,0,0,0,1,0,0,3,0,2,0,1,2,1,0,0,1
0.5728681297922535,0.9400176229804122,0,1,2,0,0,0,0,1,0,0,0,1,0,0,1,1,1,3,1,1
0.9174613587735012,0.30653932338276163,0,1,4,1,2,1,0,1,0,0,1,1,0,0,1,3,3,5,0,1
0.8399798390233817,0.7334009847727477,0,1,5,1,1,1,0,1,1,0,3,0,1,0,1,2,0,5,1,1
0.5913846865877022,0.4638427529548863,0,1,1,0,2,1,0,1,1,0,2,1,0,0,1,0,0,6,0,1
0.7589989540894471,0.4828098311424941,0,1,3,0,0,0,1,1,0,0,1,1,2,0,0,1,3,8,1,1
0.6382733390493291,0.5009523546802064,0,1,5,1,2,1,0,1,0,0,1,1,0,1,0,3,3,8,0,1
0.7978156769735055,0.839674517123205,0,1,6,1,0,0,1,1,1,1,3,0,1,0,0,3,0,4,1,1
0.9872476203233234,0.4065235096677351,0,1,6,1,0,0,1,1,1,0,3,1,1,0,0,2,0,6,1,1
0.7136143994756288,0.8642448588359112,0,1,6,0,1,0,1,1,1,0,1,0,0,0,1,2,1,3,1,1
0.8359696756212015,0.3724881983010172,0,1,3,1,0,0,0,1,0,1,2,1,0,0,0,3,0,8,1,1
0.5509024089236956,0.8847436362444673,0,1,6,0,0,0,0,1,1,1,2,0,2,0,0,3,0,8,0,1
0.9679794252742095,0.7328968961017606,0,1,6,1,0,0,0,1,1,0,1,0,0,0,1,1,3,1,1,1
0.8285210018073854,0.7556291418153149,0,1,1,1,2,0,0,0,1,0,2,1,0,0,1,1,0,5,1,1
0.9905186869498364,0.5822757472473225,0,1,1,1,0,1,0,1,0,0,2,0,2,0,1,2,2,6,1,1
0.7239958336500882,0.7885446057578592,0,1,6,1,2,0,0,1,0,1,2,0,0,0,1,2,3,0,1,1
0.6157724833170424,0.7062042079433135,0,1,3,1,2,0,0,1,0,0,0,0,1,0,1,0,0,1,0,1
0.6726315376109119,0.5272651978094456,0,1,1,1,1,1,1,0,0,0,3,0,2,0,1,3,2,3,0,1
0.6552977237740101,0.39292136554187984,0,1,5,1,1,0,0,0,0,1,1,0,2,0,0,1,0,6,0,1
0.8757579677511793,0.7620952797682194,0,1,6,1,1,1,0,1,0,0,0,0,0,0,1,2,0,8,0,1
0.9611836789060735,0.4503970343006713,0,1,4,0,1,0,0,1,1,0,2,1,1,0,1,2,1,3,0,1
0.7796301907489206,0.251311670936161,0,1,5,1,2,1,1,1,1,0,0,0,2,1,1,3,2,0,1,1
0.5911728068197137,0.5256470013837703,0,1,3,1,0,0,0,1,1,0,1,0,0,0,1,3,2,5,1,1
0.815363125994507,0.8625450682063179,0,1,5,0,1,1,0,1,0,0,3,1,0,0,0,1,1,7,0,1
0.5614804859001552,0.9028935862919918,0,1,3,1,0,0,0,1,1,0,0,1,0,0,0,1,0,7,1,1
0.6042159367446374,0.6796416846134973,0,1,6,1,1,0,1,0,1,1,0,1,2,1,0,0,1,7,1,1
0.9561062935654143,0.5036853152933752,0,1,3,1,0,1,0,1,0,1,1,1,2,0,1,2,1,8,1,1
0.7646366184903209,0.6183095396310856,0,1,3,1,1,0,1,1,1,1,2,0,2,0,1,0,2,3,1,1
0.6060004334013496,0.7640462343440892,0,1,1,1,1,1,0,1,0,0,1,0,1,0,1,0,0,6,0,1
0.7788168670812928,0.35641092852184464,0,1,6,1,1,0,0,1,0,0,0,1,1,0,0,1,0,0,1,1
0.716918889741614,0.2863570533347537,0,1,2,1,0,1,1,1,1,0,3,1,0,0,1,0,0,5,1,1
0.5245700031904809,0.6669978361193503,0,1,4,1,2,1,1,0,0,0,3,1,2,0,0,2,3,6,1,1
0.9179470138135347,0.3953603025799971,0,1,4,1,2,0,1,1,0,0,0,0,2,0,0,0,2,4,1,1
0.8376869103167001,0.8935831749142016,0,1,4,1,1,0,0,1,0,0,2,0,0,1,1,1,3,7,0,1
0.755638489674821,0.6691917204336642,0,1,6,1,1,0,0,1,0,1,2,1,1,0,0,2,2,6,1,1
0.6867873426509226,0.8284433345270694,0,1,1,1,0,1,0,0,0,0,3,1,0,1,0,3,0,3,0,1
0.9908244016947596,0.8858817969985563,0,1,6,1,1,1,0,1,1,1,3,0,0,0,0,0,1,5,1,1
0.9488453980034732,0.49020617452427795,0,1,6,0,0,0,0,1,0,0,2,0,1,0,0,3,2,1,1,1
0.5902656627481878,0.3990772762386062,0,1,6,1,2,0,0,1,1,0,3,0,2,0,0,2,1,2,0,1
0.9634266795926261,0.7072945615162662,0,1,2,1,0,0,0,1,0,0,2,1,1,1,1,2,2,5,1,1
0.7895847323703153,0.9168673781527135,0,1,1,1,0,0,1,1,1,0,0,1,2,0,1,3,0,0,0,1
0.6196771011248479,0.6676103474955708,0,1,6,1,0,0,0,0,0,0,0,0,2,0,1,3,1,0,1,1
0.5878650003550172,0.4243184037180524,0,1,3,1,2,1,0,0,0,0,0,0,1,0,1,0,0,5,1,1
0.48855262443747605,0.8798631776530159,0,1,6,0,0,0,0,1,1,1,0,1,2,0,1,1,3,0,0,1
0.7121405407030246,0.573013346969027,0,1,4,1,0,0,1,1,0,0,1,1,2,0,1,1,1,6,1,1
0.677701756936339,0.8203955830753724,0,1,1,1,0,0,0,1,0,0,2,0,2,0,1,2,1,6,0,1
0.6755879487030187,0.709903717819254,0,1,3,1,1,1,0,1,0,0,1,0,2,0,1,0,0,4,0,1
0.9250581070729145,0.6903632068642513,0,1,4,0,0,1,1,1,0,0,1,0,0,0,0,0,3,7,1,1
0.9537755690732872,0.8631961758178838,0,1,2,1,1,1,0,1,0,0,1,1,1,0,0,1,0,1,1,1
0.49854259929449724,0.7789749803153033,0,1,3,1,0,0,1,1,0,0,2,1,0,0,0,2,1,7,1,1
0.4939768831368203,0.8554138689814315,0,1,6,1,2,1,0,1,0,1,2,1,2,0,0,3,3,8,0,1
0.8601563821944901,0.7668455807513199,0,1,3,0,1,1,0,1,0,0,3,1,2,0,1,2,2,7,1,1
0.4810677185184496,0.5815932899786751,0,1,4,1,1,0,0,0,1,0,1,1,0,0,1,1,0,4,1,1
0.7414585325838046,0.7750799989825123,0,1,6,1,2,1,1,1,0,0,3,1,1,0,0,1,1,4,1,1
0.7111077416350302,0.839770988587401,0,1,3,1,1,0,0,1,1,0,3,1,1,1,0,2,0,4,1,1
0.47829139059801273,0.623568139352292,0,1,1,0,0,1,1,1,0,0,0,1,2,0,1,2,2,6,0,1
0.6402645698210503,0.5931281328110689,0,1,4,1,1,0,1,0,0,0,0,1,0,0,1,3,0,1,1,1
0.4680332866591649,0.6939969492574867,0,1,3,1,0,1,1,0,1,0,0,1,0,1,0,0,0,1,0,1
0.7219102896682299,0.42855005276105707,0,1,3,1,1,0,1,0,0,0,2,0,2,0,0,0,1,7,1,1
0.5319297273081574,0.4369510290025154,0,1,3,0,1,0,0,0,0,1,0,1,0,0,1,3,3,1,1,1
0.9278910177634796,0.7730454262562897,0,1,6,0,0,1,0,1,1,0,2,0,1,0,1,1,0,3,1,1
0.6544677916822748,0.9484906013580606,0,1,4,1,1,0,0,1,0,0,2,1,2,0,1,3,2,0,0,1
0.5510182434382906,0.4479967314784695,0,1,6,1,1,0,0,1,1,0,1,0,0,1,0,3,3,4,0,1
0.5431255371997529,0.6958708875899711,0,1,1,0,0,1,0,1,1,0,1,0,2,0,1,3,3,1,0,1
0.8749495409059491,0.4129760152142604,0,1,1,1,0,0,0,1,0,0,3,0,1,0,0,2,2,4,0,1
0.8655433537151331,0.9184035193509585,0,1,4,0,0,1,1,0,1,1,3,1,1,0,0,3,3,2,1,1
0.9909870845341417,0.6477756097077367,0,1,5,1,0,0,0,1,0,0,3,0,0,0,0,3,0,6,1,1
0.9355456169422673,0.38382367021720576,0,1,1,1,2,1,0,1,1,0,1,0,2,0,0,0,0,0,0,1
0.9398921726634566,0.6393118929493273,0,1,1,0,1,0,0,1,0,1,1,0,1,1,1,0,3,7,1,1
0.8037496765292884,0.9350535276083721,0,1,1,1,2,1,0,1,1,0,2,0,0,0,0,1,0,6,0,1
0.6005675386352493,0.40365030682726544,0,1,1,1,1,1,1,1,1,0,2,1,0,0,0,3,2,7,0,1
0.7603183195068088,0.2545031480217746,0,1,4,1,2,0,0,1,0,1,2,0,1,0,0,1,2,1,1,1
0.6960354839141204,0.2963235053172034,0,1,1,1,0,1,0,1,0,1,0,0,1,1,0,2,3,3,1,1
0.8444790390953976,0.7555737803382466,0,1,6,0,0,0,1,1,1,1,0,0,0,0,0,3,1,3,0,1
0.6686936469744598,0.9771602526065328,0,1,4,1,0,0,0,1,0,0,0,0,0,0,0,1,3,4,0,1
0.6169544187356872,0.8650872062080398,0,1,6,1,1,1,1,0,0,0,0,0,1,0,0,0,2,5,1,1
0.9942948403489853,0.8187936701785983,0,1,6,1,0,0,0,0,1,1,2,1,2,0,1,1,1,7,0,1
0.6933300851423461,0.9543710986095251,0,1,5,1,0,1,1,1,0,1,2,0,0,0,1,3,0,1,1,1
0.9308328754833352,0.7704893298734484,0,1,2,1,0,0,0,1,0,1,0,0,1,0,0,0,2,0,0,1
0.8726568592330687,0.558567331687813,0,1,4,1,2,1,1,1,1,0,0,0,2,0,1,1,3,7,0,1
0.5024256539092022,0.8784339198233246,0,1,1,1,1,1,0,1,1,0,0,0,1,0,0,3,0,4,1,1
0.8430075838094926,0.9936323156482925,0,1,3,1,2,1,0,1,1,0,3,0,1,1,0,0,0,1,0,1
0.9346438891474507,0.7340155341146511,0,1,6,1,2,0,0,1,0,0,0,1,1,1,1,0,0,5,1,1
0.7545477805267049,0.95863497292019,0,1,6,1,0,0,0,1,1,0,3,0,0,1,1,1,2,5,1,1
0.6325381856999641,0.7554594153142753,0,1,1,1,2,1,0,1,0,0,1,0,2,0,1,1,1,4,0,1
0.5754256893726298,0.5769653829297273,0,1,5,1,1,0,1,1,1,0,3,1,0,0,0,1,0,3,1,1
0.9165508654061059,0.2884536107037852,0,1,4,1,1,1,1,1,1,1,0,1,2,0,1,3,1,6,0,1
0.4658511236417708,0.7876391349483689,0,1,2,1,1,1,1,0,1,1,1,1,2,0,0,2,3,6,0,1
0.9238007234167444,0.700931208384531,0,1,6,1,1,1,0,0,0,0,0,0,2,0,0,2,1,5,1,1
0.6155767036693678,0.5083178847858763,0,1,5,1,1,0,1,1,1,1,0,1,2,0,1,2,1,7,0,1
0.6481318575290862,0.785319835779909,0,1,1,1,1,1,1,1,0,1,2,0,1,1,1,0,2,8,0,1
0.5857066344451406,0.7391557421067914,0,1,4,1,1,0,1,1,1,0,3,0,1,1,0,3,0,4,1,1
0.7473894053231132,0.6994541223749265,0,1,2,1,2,0,0,0,0,0,3,1,2,0,1,1,2,2,1,1
0.9855705539948898,0.86340438970973,0,1,3,0,2,0,0,1,1,1,3,0,2,0,1,0,2,5,0,1
0.8058533632985626,0.9526949698883984,0,1,1,1,1,1,0,1,0,0,3,1,1,0,0,2,2,3,1,1
0.6783025120231967,0.9474025106781132,0,1,4,1,1,1,1,1,0,1,3,1,1,0,0,1,0,5,0,1
0.6452217358797574,0.7880622508492758,0,1,3,1,1,1,0,1,1,0,2,0,1,1,0,1,3,3,0,1
0.9375954075519259,0.9433231527517113,0,1,3,1,1,0,0,1,1,0,1,1,2,1,1,2,0,5,1,1
0.9319872508541089,0.4453239968804764,0,1,1,1,0,0,1,1,0,1,2,0,2,0,0,2,2,0,1,1
0.7384077583898776,0.6123918681507928,0,1,2,1,0,0,0,1,1,0,1,1,2,0,1,1,3,4,1,1
0.8984680295275398,0.6339911275092279,0,1,3,1,1,1,0,0,0,1,1,1,1,0,1,0,2,0,0,1
0.7414556784935622,0.444938204521546,0,1,3,1,0,0,0,0,1,1,2,1,1,0,0,0,3,1,1,1
0.8443975591013018,0.38047201780730067,0,1,3,1,0,0,1,0,0,1,2,0,2,0,1,1,3,1,1,1
0.589657862519808,0.8417925928141343,0,1,1,1,0,1,1,1,1,1,1,0,2,0,0,0,3,5,0,1
0.8976787323385955,0.2595792505752865,0,1,5,1,0,0,0,1,1,1,3,0,0,0,0,1,1,0,1,1
0.8195103845445599,0.6440657628221853,0,1,2,1,1,0,0,0,0,1,0,1,1,0,0,2,2,7,1,1
0.7437617893030598,0.7100092914758066,0,1,1,1,1,0,1,1,0,1,0,0,0,0,0,1,1,3,0,1
0.829906918970152,0.842165330084105,0,1,3,1,2,0,1,1,1,0,1,0,1,0,0,2,2,0,0,1
0.8567645364969927,0.37594403373098295,0,1,2,1,1,1,1,1,1,1,3,0,2,1,1,3,1,7,1,1
0.6769837604544828,0.8505923973092234,0,1,1,1,1,1,1,1,1,0,1,0,2,0,0,3,3,6,1,1
0.6124331297820136,0.8545689346405215,0,1,4,1,1,1,0,0,0,1,0,1,2,0,1,3,0,3,1,1
0.9322921511763113,0.5456362016171845,0,1,1,1,1,0,0,1,1,1,0,0,1,0,1,0,2,4,0,1
0.4578504520435903,0.3083660244563936,0,1,3,1,0,1,0,1,1,0,1,1,2,0,0,0,3,3,1,1
0.7266149005658986,0.7016508101504987,0,1,3,1,1,0,0,0,0,1,1,1,0,0,0,1,3,2,1,1
0.882336705762502,0.4071969899877035,0,1,6,1,1,0,0,1,0,1,2,1,2,0,1,2,0,1,1,1
0.7372682829271543,0.958046684345293,0,1,2,0,0,0,1,1,1,1,2,1,2,1,1,3,2,8,0,1
0.9274370384416323,0.25905955210370135,0,1,1,1,2,0,1,1,0,0,2,1,2,0,0,3,1,0,0,1
0.8728054625900237,0.5659113306663093,0,1,2,1,1,0,0,1,1,1,3,1,2,1,0,2,2,4,1,1
0.9696797191121969,0.5617923878395507,0,1,2,1,2,0,0,1,1,1,0,0,2,0,1,1,0,2,0,1
0.7335644321915683,0.767857921968508,0,1,2,1,0,0,0,1,1,1,2,0,0,0,0,3,0,8,1,1
0.9020854015821582,0.6495338144744767,0,1,3,1,0,0,1,1,1,1,2,0,0,0,0,1,1,6,1,1
0.48483368705374946,0.48246823657222454,0,1,3,0,2,0,0,1,1,0,0,0,0,0,0,1,1,6,1,1
0.9829374848326662,0.9986718801859337,0,1,4,1,2,0,0,1,1,0,1,1,2,0,0,3,2,7,1,1
0.8575770009575372,0.6664551037765676,0,1,2,0,1,0,1,1,1,1,0,0,1,0,0,2,3,7,1,1
0.9103337222798595,0.5740682715225672,0,1,2,1,2,0,1,1,0,0,1,0,2,0,0,1,0,2,0,1
0.9269591785401883,0.553234845643455,0,1,1,1,0,0,0,1,1,0,0,1,1,0,0,3,2,2,1,1
0.9754959486722738,0.6872821703912113,0,1,4,1,1,1,0,1,1,1,1,0,0,0,1,0,0,7,0,1
0.49271724753311996,0.4324116658419691,0,1,2,1,1,1,1,1,0,0,0,1,1,1,1,0,1,6,0,1
0.8155240491035208,0.41015775488612993,0,1,6,0,1,0,0,0,0,0,1,1,2,0,0,2,0,1,0,1
0.8905442659645351,0.9783492300067451,0,1,1,1,1,0,0,1,0,0,3,1,0,0,1,0,2,7,1,1
0.8292418878225221,0.3536064000282392,0,1,5,1,1,0,1,1,0,1,0,1,2,0,0,1,2,3,1,1
0.4628410972462457,0.9181943685014567,0,1,3,1,0,0,0,1,1,0,2,1,0,0,0,0,3,7,0,1
0.7272609815992034,0.6615080493915715,0,1,5,1,1,1,0,1,0,1,1,0,0,1,0,0,0,3,0,1
0.6048522298679846,0.9653918791403862,0,1,4,0,2,1,0,1,0,0,3,0,0,0,1,3,2,1,0,1
0.5939419505118438,0.7036996379172398,0,1,1,1,0,1,0,1,1,1,0,0,0,1,0,3,1,6,1,1
0.9230610045068082,0.5026305141403744,0,1,4,1,0,0,1,1,1,1,0,0,0,0,1,3,1,7,1,1
0.6412763173065867,0.7029169202614369,0,1,5,0,2,0,1,1,0,1,0,1,2,0,1,1,0,2,0,1
0.7913678210557824,0.7446055599478919,0,1,5,1,2,0,0,1,0,0,1,0,0,0,1,2,3,0,1,1
0.6960628249821339,0.42674051529697304,0,1,3,1,0,1,0,1,0,0,1,1,1,0,0,2,2,4,1,1
0.4973227918070548,0.46556930997775087,0,1,2,1,0,0,0,0,0,0,2,1,2,0,0,3,3,2,1,1
0.6615452382562841,0.9926509836323969,0,1,1,0,1,0,0,1,0,0,2,1,2,0,0,0,2,8,0,1
0.46538703003237436,0.5621710014227372,0,1,6,0,1,0,0,1,0,1,0,1,0,0,1,0,1,4,1,1
0.585920338219956,0.7916645466639136,0,1,3,1,0,0,0,0,1,0,1,1,1,0,0,1,0,3,1,1
0.6742282770491443,0.5064111141597687,0,1,4,0,0,1,0,1,1,1,1,1,1,1,1,2,1,4,0,1
0.8486455193716452,0.6541827198797222,0,1,4,1,2,1,1,0,0,0,0,0,1,0,1,0,2,6,0,1
0.9554616014459008,0.8939980379022535,0,1,1,1,2,0,1,0,0,1,0,0,1,0,1,2,3,2,1,1
0.677372426507249,0.5046205707444734,0,1,2,1,1,1,0,1,1,0,0,1,2,0,0,0,2,5,1,1
0.6970276433392731,0.8256131806860213,0,1,6,0,2,0,0,1,0,1,0,1,1,0,0,1,1,8,0,1
0.6268844576173154,0.8136533989045243,0,1,3,1,2,0,0,1,1,0,2,0,2,0,1,1,1,6,0,1
0.498176394845354,0.9519594360790808,0,1,5,1,1,1,1,0,1,0,3,0,0,1,0,2,0,1,0,1
0.5280606017551743,0.7046579191313491,0,1,4,1,0,0,0,1,0,0,0,0,0,0,1,1,0,4,0,1
0.47483941178293826,0.8616070800403081,0,1,5,1,1,0,1,0,0,1,1,1,2,0,1,2,0,0,1,1
0.908403300687835,0.6124680306559003,0,1,5,1,0,0,1,1,1,0,2,0,0,0,1,1,1,0,1,1
0.999615881787723,0.5399882776898257,0,1,6,1,1,1,1,1,0,1,0,1,1,0,1,3,3,7,1,1
0.9581092004235723,0.803167956027135,0,1,5,0,0,1,1,1,1,1,1,0,2,0,0,1,1,2,1,1
0.8732397112790844,0.5528229901265058,0,1,5,0,1,0,0,0,1,0,2,1,2,0,1,1,1,3,0,1
0.9373186573746028,0.6162581538560719,0,1,3,1,0,1,0,1,0,0,1,1,0,0,1,0,0,3,1,1
0.7296410062808132,0.7681729498779308,0,1,6,1,1,1,0,1,1,1,2,1,0,0,0,1,2,7,0,1
0.6911756492820074,0.9320610929391414,0,1,1,1,2,1,1,1,0,0,2,0,1,0,1,2,1,4,1,1
0.48523194025630684,0.8506298792123391,0,1,3,1,1,0,0,1,0,0,0,0,2,0,0,1,3,5,0,1
